,Anomaly Detection,Defect Classification,Defect Localization,Defect Description,Defect Analysis,Object Classification,Object Analysis,Average,Recall,Precision,F1,Overkill,Miss
MVTec-AD,69.994737672999,67.96680497925311,68.3151718357083,72.38252267106347,89.1286307053942,99.56896551724138,92.53840526700805,79.98503409266678,41.92495921696574,98.2791586998088,58.77644368210405,1.9354838709677469,58.07504078303426
MVTec-LOCO,50.806451612903224,28.30957230142566,42.66802443991853,48.04928131416838,63.20754716981132,92.27941176470588,79.79051139864448,57.87297142879678,1.6129032258064515,100.0,3.1746031746031744,0.0,98.38709677419355
VisA,60.136990424125045,46.890756302521005,56.390977443609025,61.09243697478992,70.6792777300086,88.1283422459893,81.9672131147541,66.46942774797101,27.378964941569283,83.0379746835443,41.18016321406152,7.104984093319189,72.62103505843072
GoodsAD,55.063053843987085,55.22501906941266,53.78486055776892,54.988747186796694,71.36986301369863,92.89843104872007,80.78408078408079,66.30200792920927,12.568976088289393,86.86440677966102,21.96036422067488,2.4428684003152124,87.43102391171061
Average,59.00030838850359,49.59803816315311,55.28975856925119,59.128247036704614,73.5963296547282,93.21878764416415,83.77005264112185,67.65736029966095,20.871450868157716,92.04538504075353,31.27289357286091,2.8708340911505372,79.12854913184228
