,Anomaly Detection,Defect Classification,Defect Localization,Defect Description,Defect Analysis,Object Classification,Object Analysis,Average,Recall,Precision,F1,Overkill,Miss
MVTec-AD,85.98142398568646,72.19917012448133,71.75188600167644,74.44352844187964,89.9585062240664,97.84482758620689,93.41623994147768,83.65651175792497,80.99510603588908,95.94202898550725,87.83724015922158,9.03225806451613,19.004893964110924
MVTec-LOCO,60.74793812982041,43.686354378818734,49.89816700610998,61.08829568788501,73.37526205450735,88.41911764705883,79.6056685150955,65.26011477418511,46.975806451612904,76.1437908496732,58.104738154613464,25.479930191972077,53.0241935483871
VisA,75.93691854752619,51.42857142857142,57.64411027568922,65.12605042016807,72.65692175408427,87.59358288770053,82.287954383464,70.38201567102911,59.933222036727884,90.42821158690177,72.08835341365464,8.059384941675507,40.066777963272116
GoodsAD,63.42669293084781,52.40274599542334,51.26162018592297,58.514628657164295,73.35616438356163,92.23781998348473,79.20997920997921,67.20137876376914,48.129981606376454,74.40758293838863,58.45122859270291,21.276595744680847,51.87001839362355
Average,71.52324339847023,54.92921048182371,57.638945867349655,64.79312580177425,77.33671360405492,91.52383702611273,83.6299605125041,71.62500524172708,59.00852903265157,84.2304035901177,69.12039008004815,15.962042235711142,40.99147096734842
