,Anomaly Detection,Defect Classification,Defect Localization,Defect Description,Defect Analysis,Object Classification,Object Analysis,Average,Recall,Precision,F1,Overkill,Miss
MVTec-AD,86.88987703695908,71.95020746887967,71.3327745180218,73.20692497938994,89.29460580912864,97.84482758620689,93.19678127286028,83.38799981020664,80.0163132137031,97.12871287128712,87.74597495527728,6.236559139784948,19.983686786296907
MVTec-LOCO,64.12900059111637,46.13034623217923,55.29531568228106,62.73100616016427,74.31865828092243,88.23529411764706,79.85212569316081,67.24167810821018,38.20564516129033,86.92660550458714,53.0812324929972,9.947643979057597,61.79435483870967
VisA,76.10280123995985,50.67226890756302,58.1453634085213,66.30252100840336,73.17282889079965,87.59358288770053,82.53741981468282,70.64668373680436,59.09849749582637,91.59120310478654,71.84170471841705,6.892895015906686,40.90150250417363
GoodsAD,66.81683052790714,56.14035087719298,58.10092961487384,60.09002250562641,73.83561643835617,92.73327828241123,81.19988119988119,69.84527277803556,57.5107296137339,75.58420628525383,65.32033426183843,23.87706855791962,42.4892703862661
Average,73.48462734898561,56.22329337145373,60.7185958059245,65.58261866339599,77.65542735480173,91.60174571849143,84.19655199514628,72.78040860831419,58.70779637113842,87.80768194147865,69.49731160713249,11.738541673167212,41.29220362886158
