,Anomaly Detection,Defect Classification,Defect Localization,Defect Description,Defect Analysis,Object Classification,Object Analysis,Average,Recall,Precision,F1,Overkill,Miss
MVTec-AD,86.76744022873581,70.53941908713693,68.14752724224644,74.03132728771641,90.12448132780084,96.98275862068965,92.90416971470373,82.78530335843281,82.13703099510603,96.1795606494747,88.6053673559173,8.602150537634412,17.86296900489397
MVTec-LOCO,66.43241921409671,45.621181262729124,53.97148676171079,60.36960985626283,73.79454926624737,87.86764705882352,78.37338262476895,66.63289657780561,40.020161290322584,90.6392694063927,55.52447552447553,7.155322862129143,59.97983870967742
VisA,77.4496465477103,51.09243697478991,56.47451963241436,64.95798319327731,72.31298366294067,86.524064171123,82.21667854597291,70.14690181831836,61.686143572621035,92.02988792029888,73.86306846576711,6.7868504772004234,38.313856427378965
GoodsAD,65.2215569209451,54.157131960335626,60.0929614873838,57.61440360090022,74.24657534246575,92.98100743187449,81.40778140778141,69.38877402166949,47.70079705702023,78.03410230692076,59.20852359208523,17.257683215130026,52.29920294297976
Average,73.96776572787198,55.352542321247896,59.67162378093885,64.2433309845392,77.61964739986365,91.08886932062767,83.72550307330675,72.23846894405656,57.88603322876747,89.22070507077177,69.30035873456129,9.9505017730235,42.113966771232526
